Waiver Claim,2016-05-15 00:00:00
Waiver Claim,2016-05-13 00:00:00
Waiver Claim,2016-05-11 00:00:00
Waiver Claim,2016-05-09 00:00:00
Waiver Claim,2016-05-07 00:00:00
Waiver Claim,2016-05-05 00:00:00
Waiver Claim,2016-05-03 00:00:00
Waiver Claim,2016-05-01 00:00:00
Waiver Claim,2016-04-29 00:00:00
Waiver Claim,2016-04-27 00:00:00
Waiver Claim,2016-04-25 00:00:00
Waiver Claim,2016-04-23 00:00:00
Waiver Claim,2016-04-21 00:00:00
Waiver Claim,2016-04-19 00:00:00
Waiver Claim,2016-04-17 00:00:00
Waiver Claim,2016-04-15 00:00:00
Waiver Claim,2016-04-13 00:00:00
Waiver Claim,2016-04-11 00:00:00
Waiver Claim,2016-04-09 00:00:00
Waiver Claim,2016-04-07 00:00:00
Waiver Claim,2016-04-05 00:00:00
Waiver Claim,2016-04-03 00:00:00
Waiver Claim,2016-04-01 00:00:00
Waiver Claim,2016-03-30 00:00:00
Waiver Claim,2016-03-28 00:00:00
Waiver Claim,2016-03-26 00:00:00
Waiver Claim,2016-03-24 00:00:00
Waiver Claim,2016-03-22 00:00:00
Waiver Claim,2016-03-20 00:00:00
Waiver Claim,2016-03-18 00:00:00
Waiver Claim,2016-03-16 00:00:00
Waiver Claim,2016-03-14 00:00:00
Waiver Claim,2016-03-12 00:00:00
Waiver Claim,2016-03-10 00:00:00
Waiver Claim,2016-03-08 00:00:00
Waiver Claim,2016-03-06 00:00:00
Waiver Claim,2016-03-04 00:00:00
Waiver Claim,2016-03-02 00:00:00
Waiver Claim,2016-02-29 00:00:00
Waiver Claim,2016-02-27 00:00:00
Waiver Claim,2016-02-25 00:00:00
Waiver Claim,2016-02-23 00:00:00
Waiver Claim,2016-02-21 00:00:00
Waiver Claim,2016-02-19 00:00:00
Waiver Claim,2016-02-17 00:00:00
Waiver Claim,2016-02-15 00:00:00
Waiver Claim,2016-02-13 00:00:00
Waiver Claim,2016-02-11 00:00:00
Waiver Claim,2016-02-09 00:00:00
Waiver Claim,2016-02-07 00:00:00
Waiver Claim,2016-02-05 00:00:00
Waiver Claim,2016-02-03 00:00:00
Waiver Claim,2016-02-01 00:00:00
Waiver Claim,2016-01-30 00:00:00
Waiver Claim,2016-01-28 00:00:00
Waiver Claim,2016-01-26 00:00:00
Waiver Claim,2016-01-24 00:00:00
Waiver Claim,2016-01-22 00:00:00
Waiver Claim,2016-01-20 00:00:00
Waiver Claim,2016-01-18 00:00:00
Waiver Claim,2016-01-16 00:00:00
Waiver Claim,2016-01-14 00:00:00
Waiver Claim,2016-01-12 00:00:00
Waiver Claim,2016-01-10 00:00:00
Waiver Claim,2016-01-08 00:00:00
Waiver Claim,2016-01-06 00:00:00
Waiver Claim,2016-01-04 00:00:00
Waiver Claim,2016-01-02 00:00:00
Waiver Claim,2015-12-31 00:00:00
Waiver Claim,2015-12-29 00:00:00
Waiver Claim,2015-12-27 00:00:00
Waiver Claim,2015-12-25 00:00:00
Waiver Claim,2015-12-23 00:00:00
Waiver Claim,2015-12-21 00:00:00
Waiver Claim,2015-12-19 00:00:00
Waiver Claim,2015-12-17 00:00:00
Waiver Claim,2015-12-15 00:00:00
Waiver Claim,2015-12-13 00:00:00
Waiver Claim,2015-12-11 00:00:00
Waiver Claim,2015-12-09 00:00:00
Waiver Claim,2015-12-07 00:00:00
Waiver Claim,2015-12-05 00:00:00
Waiver Claim,2015-12-03 00:00:00
Waiver Claim,2015-12-01 00:00:00
Waiver Claim,2015-11-29 00:00:00
Waiver Claim,2015-11-27 00:00:00
Waiver Claim,2015-11-25 00:00:00
Waiver Claim,2015-11-23 00:00:00
Waiver Claim,2015-11-21 00:00:00
Waiver Claim,2016-05-15 00:00:00
Waiver Claim,2016-05-13 00:00:00
Waiver Claim,2016-05-11 00:00:00
Waiver Claim,2016-05-09 00:00:00
Waiver Claim,2016-05-07 00:00:00
Waiver Claim,2016-05-05 00:00:00
Waiver Claim,2016-05-03 00:00:00
Waiver Claim,2016-05-01 00:00:00
Waiver Claim,2016-04-29 00:00:00
Waiver Claim,2016-04-27 00:00:00
Waiver Claim,2016-04-25 00:00:00
Waiver Claim,2016-04-23 00:00:00
Waiver Claim,2016-04-21 00:00:00
Waiver Claim,2016-04-19 00:00:00
Waiver Claim,2016-04-17 00:00:00
Waiver Claim,2016-04-15 00:00:00
Waiver Claim,2016-04-13 00:00:00
Waiver Claim,2016-04-11 00:00:00
Waiver Claim,2016-04-09 00:00:00
Waiver Claim,2016-04-07 00:00:00
Waiver Claim,2016-04-05 00:00:00
Waiver Claim,2016-04-03 00:00:00
Waiver Claim,2016-04-01 00:00:00
Waiver Claim,2016-03-30 00:00:00
Waiver Claim,2016-03-28 00:00:00
Waiver Claim,2016-03-26 00:00:00
Waiver Claim,2016-03-24 00:00:00
Waiver Claim,2016-03-22 00:00:00
Waiver Claim,2016-03-20 00:00:00
Waiver Claim,2016-03-18 00:00:00
Waiver Claim,2016-03-16 00:00:00
Waiver Claim,2016-03-14 00:00:00
Waiver Claim,2016-03-12 00:00:00
Waiver Claim,2016-03-10 00:00:00
Waiver Claim,2016-03-08 00:00:00
Waiver Claim,2016-03-06 00:00:00
Waiver Claim,2016-03-04 00:00:00
Waiver Claim,2016-03-02 00:00:00
Waiver Claim,2016-02-29 00:00:00
Waiver Claim,2016-02-27 00:00:00
Waiver Claim,2016-02-25 00:00:00
Waiver Claim,2016-02-23 00:00:00
Waiver Claim,2016-02-21 00:00:00
Waiver Claim,2016-02-19 00:00:00
Waiver Claim,2016-02-17 00:00:00
Waiver Claim,2016-02-15 00:00:00
Waiver Claim,2016-02-13 00:00:00
Waiver Claim,2016-02-11 00:00:00
Waiver Claim,2016-02-09 00:00:00
Waiver Claim,2016-02-07 00:00:00
Waiver Claim,2016-02-05 00:00:00
Waiver Claim,2016-02-03 00:00:00
Waiver Claim,2016-02-01 00:00:00
Waiver Claim,2016-01-30 00:00:00
Waiver Claim,2016-01-28 00:00:00
Waiver Claim,2016-01-26 00:00:00
Waiver Claim,2016-01-24 00:00:00
Waiver Claim,2016-01-22 00:00:00
Waiver Claim,2016-01-20 00:00:00
Waiver Claim,2016-01-18 00:00:00
Waiver Claim,2016-01-16 00:00:00
Waiver Claim,2016-01-14 00:00:00
Waiver Claim,2016-01-12 00:00:00
Waiver Claim,2016-01-10 00:00:00
Waiver Claim,2016-01-08 00:00:00
Waiver Claim,2016-01-06 00:00:00
Waiver Claim,2016-01-04 00:00:00
Waiver Claim,2016-01-02 00:00:00
Waiver Claim,2015-12-31 00:00:00
Waiver Claim,2015-12-29 00:00:00
Waiver Claim,2015-12-27 00:00:00
Waiver Claim,2015-12-25 00:00:00
Waiver Claim,2015-12-23 00:00:00
Waiver Claim,2015-12-21 00:00:00
Waiver Claim,2015-12-19 00:00:00
Waiver Claim,2015-12-17 00:00:00
Waiver Claim,2015-12-15 00:00:00
Waiver Claim,2015-12-13 00:00:00
Waiver Claim,2015-12-11 00:00:00
Waiver Claim,2015-12-09 00:00:00
Waiver Claim,2015-12-07 00:00:00
Waiver Claim,2015-12-05 00:00:00
Waiver Claim,2015-12-03 00:00:00
Waiver Claim,2015-12-01 00:00:00
Waiver Claim,2015-11-29 00:00:00
Waiver Claim,2015-11-27 00:00:00
Waiver Claim,2015-11-25 00:00:00
Waiver Claim,2015-11-23 00:00:00
Waiver Claim,2015-11-24 00:00:00
